FIRE_EVENT_ID,EVENT_DATE,LATITUDE,LONGITUDE,DETECTION_COUNT,DETECTED_BY,MAX_FRP_MW,PRIORITY
OKI_FE-0001,2026-09-25,-3.038183,105.593998,182,"MODIS_NRT, VIIRS_NOAA20_NRT, VIIRS_NOAA21_NRT, VIIRS_SNPP_NRT",254.83,HIGH
OKI_FE-0002,2026-09-25,-3.766523,105.55712,142,"MODIS_NRT, VIIRS_NOAA20_NRT, VIIRS_NOAA21_NRT, VIIRS_SNPP_NRT",54.86,HIGH
OKI_FE-0003,2026-09-25,-3.742247,105.456839,44,"MODIS_NRT, VIIRS_NOAA20_NRT, VIIRS_NOAA21_NRT, VIIRS_SNPP_NRT",103.46,HIGH
OKI_FE-0004,2026-09-25,-3.432141,105.188442,35,"MODIS_NRT, VIIRS_NOAA20_NRT, VIIRS_NOAA21_NRT, VIIRS_SNPP_NRT",24.47,HIGH
OKI_FE-0005,2026-09-25,-3.154336,105.388499,23,"MODIS_NRT, VIIRS_NOAA20_NRT, VIIRS_NOAA21_NRT, VIIRS_SNPP_NRT",23.16,HIGH
OKI_FE-0006,2026-09-25,-3.383827,105.329878,19,"MODIS_NRT, VIIRS_NOAA20_NRT, VIIRS_NOAA21_NRT, VIIRS_SNPP_NRT",43.68,HIGH
OKI_FE-0007,2026-09-25,-3.224016,105.331354,14,"MODIS_NRT, VIIRS_NOAA20_NRT, VIIRS_SNPP_NRT",25.29,HIGH
OKI_FE-0008,2026-09-25,-3.307905,105.177919,14,"VIIRS_NOAA20_NRT, VIIRS_NOAA21_NRT, VIIRS_SNPP_NRT",3.9,HIGH
OKI_FE-0009,2026-09-25,-3.090671,105.297427,9,"MODIS_NRT, VIIRS_NOAA20_NRT, VIIRS_NOAA21_NRT, VIIRS_SNPP_NRT",21.37,HIGH
OKI_FE-0010,2026-09-25,-3.695348,105.64235,9,"VIIRS_NOAA20_NRT, VIIRS_SNPP_NRT",131.54,HIGH
OKI_FE-0011,2026-09-25,-3.687884,105.7307,7,"MODIS_NRT, VIIRS_NOAA20_NRT, VIIRS_SNPP_NRT",8.23,HIGH
OKI_FE-0012,2026-09-25,-3.568607,105.705778,6,"VIIRS_NOAA20_NRT, VIIRS_NOAA21_NRT, VIIRS_SNPP_NRT",6.13,HIGH
OKI_FE-0013,2026-09-25,-3.351804,105.28197,5,"VIIRS_NOAA20_NRT, VIIRS_SNPP_NRT",8.14,MONITORING
OKI_FE-0014,2026-09-25,-3.518524,105.643586,5,"VIIRS_NOAA20_NRT, VIIRS_SNPP_NRT",2.27,MONITORING
OKI_FE-0015,2026-09-25,-3.779908,105.203854,5,VIIRS_NOAA20_NRT,3.07,MONITORING
OKI_FE-0016,2026-09-25,-3.857633,105.913638,4,VIIRS_SNPP_NRT,12.75,MONITORING
OKI_FE-0017,2026-09-25,-3.75843,105.392422,4,VIIRS_SNPP_NRT,22.21,MONITORING
OKI_FE-0018,2026-09-25,-3.543542,105.813082,4,"VIIRS_NOAA20_NRT, VIIRS_SNPP_NRT",4.61,MONITORING
OKI_FE-0019,2026-09-25,-3.37729,105.265178,4,"VIIRS_NOAA20_NRT, VIIRS_NOAA21_NRT, VIIRS_SNPP_NRT",2.51,HIGH
OKI_FE-0020,2026-09-25,-3.86284,105.85991,4,VIIRS_NOAA20_NRT,1.76,MONITORING
OKI_FE-0021,2026-09-25,-3.720058,105.39377,4,VIIRS_NOAA20_NRT,1.76,MONITORING
OKI_FE-0022,2026-09-25,-3.49816,105.78078,3,MODIS_NRT,42.85,HIGH
OKI_FE-0023,2026-09-25,-3.681047,105.33988,3,"VIIRS_NOAA20_NRT, VIIRS_NOAA21_NRT, VIIRS_SNPP_NRT",0.8,HIGH
OKI_FE-0024,2026-09-25,-3.545717,105.790607,3,"VIIRS_NOAA20_NRT, VIIRS_SNPP_NRT",0.67,MONITORING
OKI_FE-0025,2026-09-25,-3.254753,104.972333,3,"VIIRS_NOAA21_NRT, VIIRS_SNPP_NRT",0.87,MONITORING
OKI_FE-0026,2026-09-25,-3.744753,105.295567,3,"VIIRS_NOAA20_NRT, VIIRS_NOAA21_NRT",2.51,MONITORING
OKI_FE-0027,2026-09-25,-3.463743,105.57583,3,VIIRS_NOAA20_NRT,1.97,MONITORING
OKI_FE-0028,2026-09-25,-3.353673,105.250607,3,VIIRS_NOAA20_NRT,0.41,MONITORING
OKI_FE-0029,2026-09-25,-3.37644,105.39275,2,MODIS_NRT,11.09,MONITORING
OKI_FE-0030,2026-09-25,-3.36468,105.53331,2,MODIS_NRT,9.44,LOW
OKI_FE-0031,2026-09-25,-3.339735,105.52071,2,MODIS_NRT,194.68,HIGH
OKI_FE-0032,2026-09-25,-3.906895,105.578115,2,VIIRS_SNPP_NRT,24.4,MONITORING
OKI_FE-0033,2026-09-25,-3.691725,105.573165,2,VIIRS_SNPP_NRT,40.89,HIGH
OKI_FE-0034,2026-09-25,-3.13451,105.31448,2,VIIRS_SNPP_NRT,6.42,LOW
OKI_FE-0035,2026-09-25,-3.805265,105.539555,2,"VIIRS_NOAA20_NRT, VIIRS_SNPP_NRT",1.98,MONITORING
OKI_FE-0036,2026-09-25,-3.627985,105.52339,2,"VIIRS_NOAA20_NRT, VIIRS_SNPP_NRT",1.24,MONITORING
OKI_FE-0037,2026-09-25,-3.473385,105.61055,2,"VIIRS_NOAA20_NRT, VIIRS_SNPP_NRT",0.91,MONITORING
OKI_FE-0038,2026-09-25,-3.80928,105.21345,2,VIIRS_NOAA20_NRT,0.86,LOW
OKI_FE-0039,2026-09-25,-3.700725,105.678775,2,"VIIRS_NOAA20_NRT, VIIRS_NOAA21_NRT",4.75,MONITORING
OKI_FE-0040,2026-09-25,-3.69801,105.54742,2,VIIRS_NOAA20_NRT,1.47,LOW
OKI_FE-0041,2026-09-25,-3.57697,105.60365,2,VIIRS_NOAA20_NRT,1.28,LOW
OKI_FE-0042,2026-09-25,-3.38953,104.83416,2,VIIRS_NOAA20_NRT,2.31,LOW
OKI_FE-0043,2026-09-25,-2.537485,105.413485,2,VIIRS_NOAA20_NRT,0.98,LOW
OKI_FE-0044,2026-09-25,-4.19217,104.93308,1,MODIS_NRT,5.32,LOW
OKI_FE-0045,2026-09-25,-3.82051,105.45863,1,MODIS_NRT,9.26,LOW
OKI_FE-0046,2026-09-25,-3.80792,105.48346,1,MODIS_NRT,9.31,LOW
OKI_FE-0047,2026-09-25,-3.76902,105.47996,1,MODIS_NRT,32.33,HIGH
OKI_FE-0048,2026-09-25,-3.59361,105.80463,1,MODIS_NRT,5.67,LOW
OKI_FE-0049,2026-09-25,-3.2899,105.53885,1,MODIS_NRT,8.15,LOW
OKI_FE-0050,2026-09-25,-3.86044,105.27461,1,VIIRS_SNPP_NRT,3.4,LOW
OKI_FE-0051,2026-09-25,-3.77101,105.44019,1,VIIRS_SNPP_NRT,4.95,LOW
OKI_FE-0052,2026-09-25,-3.68119,105.70314,1,VIIRS_SNPP_NRT,6.58,LOW
OKI_FE-0053,2026-09-25,-3.99586,105.62981,1,VIIRS_NOAA20_NRT,7.34,LOW
OKI_FE-0054,2026-09-25,-4.19475,104.78654,1,VIIRS_NOAA20_NRT,3.33,LOW
OKI_FE-0055,2026-09-25,-3.85314,105.22676,1,VIIRS_NOAA20_NRT,0.79,LOW
OKI_FE-0056,2026-09-25,-3.81538,105.55671,1,VIIRS_NOAA20_NRT,0.97,LOW
OKI_FE-0057,2026-09-25,-3.73161,105.41499,1,VIIRS_NOAA20_NRT,1.12,LOW
OKI_FE-0058,2026-09-25,-3.66084,105.78088,1,VIIRS_NOAA20_NRT,0.87,LOW
OKI_FE-0059,2026-09-25,-3.55575,105.60505,1,VIIRS_NOAA20_NRT,0.56,LOW
OKI_FE-0060,2026-09-25,-3.51256,105.22562,1,VIIRS_NOAA20_NRT,0.57,LOW
OKI_FE-0061,2026-09-25,-3.47311,105.162,1,VIIRS_NOAA20_NRT,1.06,LOW
OKI_FE-0062,2026-09-25,-3.46754,105.66617,1,VIIRS_NOAA20_NRT,1.47,LOW
OKI_FE-0063,2026-09-25,-3.29163,105.27094,1,VIIRS_NOAA20_NRT,1.51,LOW
OKI_FE-0064,2026-09-25,-3.25946,105.13974,1,VIIRS_NOAA20_NRT,1.17,LOW
OKI_FE-0065,2026-09-25,-3.84388,105.54439,1,VIIRS_NOAA21_NRT,2.81,LOW
OKI_FE-0066,2026-09-26,-3.766391,105.556475,267,"MODIS_NRT, VIIRS_NOAA20_NRT, VIIRS_NOAA21_NRT, VIIRS_SNPP_NRT",38.31,HIGH
OKI_FE-0067,2026-09-26,-3.034814,105.593661,222,"MODIS_NRT, VIIRS_NOAA20_NRT, VIIRS_NOAA21_NRT, VIIRS_SNPP_NRT",146.14,HIGH
OKI_FE-0068,2026-09-26,-3.738977,105.458892,108,"MODIS_NRT, VIIRS_NOAA20_NRT, VIIRS_NOAA21_NRT, VIIRS_SNPP_NRT",279.15,HIGH
OKI_FE-0069,2026-09-26,-3.154944,105.392575,53,"MODIS_NRT, VIIRS_NOAA20_NRT, VIIRS_NOAA21_NRT, VIIRS_SNPP_NRT",21.65,HIGH
OKI_FE-0070,2026-09-26,-3.431777,105.192345,50,"MODIS_NRT, VIIRS_NOAA20_NRT, VIIRS_NOAA21_NRT, VIIRS_SNPP_NRT",76.59,HIGH
OKI_FE-0071,2026-09-26,-3.36456,105.25686,46,"MODIS_NRT, VIIRS_NOAA20_NRT, VIIRS_NOAA21_NRT, VIIRS_SNPP_NRT",21.11,HIGH
OKI_FE-0072,2026-09-26,-3.109798,105.226381,45,"MODIS_NRT, VIIRS_NOAA20_NRT, VIIRS_NOAA21_NRT, VIIRS_SNPP_NRT",22.19,HIGH
OKI_FE-0073,2026-09-26,-3.529299,105.649013,35,"VIIRS_NOAA20_NRT, VIIRS_NOAA21_NRT, VIIRS_SNPP_NRT",20.05,HIGH
OKI_FE-0074,2026-09-26,-3.804927,105.479965,32,"MODIS_NRT, VIIRS_NOAA20_NRT, VIIRS_NOAA21_NRT, VIIRS_SNPP_NRT",46.85,HIGH
OKI_FE-0075,2026-09-26,-3.297077,105.277494,31,"MODIS_NRT, VIIRS_NOAA20_NRT, VIIRS_NOAA21_NRT, VIIRS_SNPP_NRT",39.06,HIGH
OKI_FE-0076,2026-09-26,-3.26752,105.150779,30,"MODIS_NRT, VIIRS_NOAA20_NRT, VIIRS_NOAA21_NRT, VIIRS_SNPP_NRT",11.43,HIGH
OKI_FE-0077,2026-09-26,-3.338726,105.520609,30,"VIIRS_NOAA20_NRT, VIIRS_NOAA21_NRT, VIIRS_SNPP_NRT",129.45,HIGH
OKI_FE-0078,2026-09-26,-3.495073,105.783652,27,"MODIS_NRT, VIIRS_NOAA20_NRT, VIIRS_NOAA21_NRT, VIIRS_SNPP_NRT",48.91,HIGH
OKI_FE-0079,2026-09-26,-3.308241,105.178749,25,"MODIS_NRT, VIIRS_NOAA20_NRT, VIIRS_NOAA21_NRT, VIIRS_SNPP_NRT",87.03,HIGH
OKI_FE-0080,2026-09-26,-2.959864,105.132173,25,"MODIS_NRT, VIIRS_NOAA20_NRT, VIIRS_NOAA21_NRT, VIIRS_SNPP_NRT",49.16,HIGH
OKI_FE-0081,2026-09-26,-3.29554,105.108884,24,"MODIS_NRT, VIIRS_NOAA20_NRT, VIIRS_NOAA21_NRT, VIIRS_SNPP_NRT",51.29,HIGH
OKI_FE-0082,2026-09-26,-3.229464,105.335423,24,"MODIS_NRT, VIIRS_NOAA20_NRT, VIIRS_NOAA21_NRT, VIIRS_SNPP_NRT",19.04,HIGH
OKI_FE-0083,2026-09-26,-3.79277,105.202823,23,"MODIS_NRT, VIIRS_NOAA20_NRT, VIIRS_NOAA21_NRT, VIIRS_SNPP_NRT",31.21,HIGH
OKI_FE-0084,2026-09-26,-3.689911,105.734352,23,"VIIRS_NOAA20_NRT, VIIRS_NOAA21_NRT, VIIRS_SNPP_NRT",30.28,HIGH
OKI_FE-0085,2026-09-26,-3.378601,105.336261,22,"VIIRS_NOAA20_NRT, VIIRS_NOAA21_NRT, VIIRS_SNPP_NRT",27.57,HIGH
OKI_FE-0086,2026-09-26,-3.443557,105.540328,21,"MODIS_NRT, VIIRS_NOAA20_NRT, VIIRS_NOAA21_NRT, VIIRS_SNPP_NRT",32.72,HIGH
OKI_FE-0087,2026-09-26,-3.736021,105.394214,18,"MODIS_NRT, VIIRS_NOAA20_NRT, VIIRS_NOAA21_NRT, VIIRS_SNPP_NRT",9.8,HIGH
OKI_FE-0088,2026-09-26,-3.581491,105.612196,18,"VIIRS_NOAA20_NRT, VIIRS_NOAA21_NRT, VIIRS_SNPP_NRT",24.36,HIGH
OKI_FE-0089,2026-09-26,-3.085368,105.289244,16,"MODIS_NRT, VIIRS_NOAA20_NRT, VIIRS_NOAA21_NRT, VIIRS_SNPP_NRT",25.43,HIGH
OKI_FE-0090,2026-09-26,-3.661345,105.689291,16,"VIIRS_NOAA20_NRT, VIIRS_NOAA21_NRT, VIIRS_SNPP_NRT",21.14,HIGH
OKI_FE-0091,2026-09-26,-3.351843,105.281505,15,"MODIS_NRT, VIIRS_NOAA20_NRT, VIIRS_NOAA21_NRT, VIIRS_SNPP_NRT",9.95,HIGH
OKI_FE-0092,2026-09-26,-3.286784,105.535453,15,"VIIRS_NOAA20_NRT, VIIRS_NOAA21_NRT, VIIRS_SNPP_NRT",22.71,HIGH
OKI_FE-0093,2026-09-26,-3.145625,105.328467,15,"VIIRS_NOAA20_NRT, VIIRS_SNPP_NRT",12.28,HIGH
OKI_FE-0094,2026-09-26,-3.229149,104.980133,14,"MODIS_NRT, VIIRS_NOAA20_NRT, VIIRS_NOAA21_NRT, VIIRS_SNPP_NRT",10.24,HIGH
OKI_FE-0095,2026-09-26,-3.114298,105.321896,14,"VIIRS_NOAA21_NRT, VIIRS_SNPP_NRT",36.06,HIGH
OKI_FE-0096,2026-09-26,-3.470956,105.202731,13,"VIIRS_NOAA20_NRT, VIIRS_SNPP_NRT",8.39,HIGH
OKI_FE-0097,2026-09-26,-3.367575,105.394674,13,"VIIRS_NOAA20_NRT, VIIRS_NOAA21_NRT, VIIRS_SNPP_NRT",15.08,HIGH
OKI_FE-0098,2026-09-26,-3.610564,105.29619,11,"VIIRS_NOAA20_NRT, VIIRS_NOAA21_NRT, VIIRS_SNPP_NRT",79.29,HIGH
OKI_FE-0099,2026-09-26,-3.255748,105.251006,10,"VIIRS_NOAA20_NRT, VIIRS_NOAA21_NRT, VIIRS_SNPP_NRT",40.11,HIGH
OKI_FE-0100,2026-09-26,-3.886898,105.846702,9,"VIIRS_NOAA20_NRT, VIIRS_NOAA21_NRT, VIIRS_SNPP_NRT",7.07,HIGH
OKI_FE-0101,2026-09-26,-3.461197,105.576886,9,"VIIRS_NOAA20_NRT, VIIRS_NOAA21_NRT, VIIRS_SNPP_NRT",9.22,HIGH
OKI_FE-0102,2026-09-26,-3.107666,105.102356,9,"VIIRS_NOAA20_NRT, VIIRS_NOAA21_NRT, VIIRS_SNPP_NRT",15.02,HIGH
OKI_FE-0103,2026-09-26,-3.244879,105.214741,8,"VIIRS_NOAA20_NRT, VIIRS_NOAA21_NRT, VIIRS_SNPP_NRT",26.34,HIGH
OKI_FE-0104,2026-09-26,-3.782706,105.730924,7,"VIIRS_NOAA20_NRT, VIIRS_NOAA21_NRT, VIIRS_SNPP_NRT",21.45,HIGH
OKI_FE-0105,2026-09-26,-3.514066,105.229713,7,"VIIRS_NOAA21_NRT, VIIRS_SNPP_NRT",9.04,MONITORING
OKI_FE-0106,2026-09-26,-3.390444,105.412389,7,"VIIRS_NOAA20_NRT, VIIRS_NOAA21_NRT",20.44,MONITORING
OKI_FE-0107,2026-09-26,-3.767218,105.436135,6,"VIIRS_NOAA20_NRT, VIIRS_NOAA21_NRT, VIIRS_SNPP_NRT",16.87,HIGH
OKI_FE-0108,2026-09-26,-3.62494,105.71445,6,"VIIRS_NOAA20_NRT, VIIRS_NOAA21_NRT, VIIRS_SNPP_NRT",10.55,HIGH
OKI_FE-0109,2026-09-26,-3.85909,105.911014,5,"VIIRS_NOAA20_NRT, VIIRS_SNPP_NRT",28.84,MONITORING
OKI_FE-0110,2026-09-26,-3.508116,105.677152,5,"VIIRS_NOAA21_NRT, VIIRS_SNPP_NRT",7.61,MONITORING
OKI_FE-0111,2026-09-26,-3.450712,105.428928,5,"VIIRS_NOAA20_NRT, VIIRS_NOAA21_NRT, VIIRS_SNPP_NRT",115.54,HIGH
OKI_FE-0112,2026-09-26,-3.516538,104.690888,5,"VIIRS_NOAA20_NRT, VIIRS_NOAA21_NRT, VIIRS_SNPP_NRT",2.6,HIGH
OKI_FE-0113,2026-09-26,-3.471113,105.161148,4,"MODIS_NRT, VIIRS_NOAA20_NRT, VIIRS_NOAA21_NRT",12.36,HIGH
OKI_FE-0114,2026-09-26,-3.815058,105.55018,4,"VIIRS_NOAA20_NRT, VIIRS_SNPP_NRT",6.54,MONITORING
OKI_FE-0115,2026-09-26,-3.177747,104.907548,4,"VIIRS_NOAA20_NRT, VIIRS_NOAA21_NRT, VIIRS_SNPP_NRT",1.83,HIGH
OKI_FE-0116,2026-09-26,-3.746043,105.295807,3,"VIIRS_NOAA20_NRT, VIIRS_NOAA21_NRT",1.69,MONITORING
OKI_FE-0117,2026-09-26,-3.684813,105.334343,3,"VIIRS_NOAA20_NRT, VIIRS_NOAA21_NRT",2.06,MONITORING
OKI_FE-0118,2026-09-26,-3.56872,105.704493,3,"VIIRS_NOAA20_NRT, VIIRS_NOAA21_NRT",1.61,MONITORING
OKI_FE-0119,2026-09-26,-3.64306,104.642895,2,MODIS_NRT,6.19,LOW
OKI_FE-0120,2026-09-26,-3.311785,105.485795,2,MODIS_NRT,19.48,MONITORING
OKI_FE-0121,2026-09-26,-3.15018,105.182335,2,MODIS_NRT,10.25,MONITORING
OKI_FE-0122,2026-09-26,-2.538965,105.41916,2,"MODIS_NRT, VIIRS_NOAA21_NRT",8.33,MONITORING
OKI_FE-0123,2026-09-26,-3.572745,105.65979,2,"VIIRS_NOAA21_NRT, VIIRS_SNPP_NRT",7.1,MONITORING
OKI_FE-0124,2026-09-26,-3.469625,105.66619,2,"VIIRS_NOAA21_NRT, VIIRS_SNPP_NRT",4.36,MONITORING
OKI_FE-0125,2026-09-26,-3.08017,105.60714,2,"VIIRS_NOAA21_NRT, VIIRS_SNPP_NRT",5.83,MONITORING
OKI_FE-0126,2026-09-26,-3.105655,105.15168,2,VIIRS_NOAA20_NRT,3.81,LOW
OKI_FE-0127,2026-09-26,-3.925625,105.84471,2,"VIIRS_NOAA20_NRT, VIIRS_NOAA21_NRT",0.82,MONITORING
OKI_FE-0128,2026-09-26,-3.75386,105.12054,1,MODIS_NRT,6.31,LOW
OKI_FE-0129,2026-09-26,-3.83165,105.88829,1,VIIRS_SNPP_NRT,4.8,LOW
OKI_FE-0130,2026-09-26,-3.69721,105.55236,1,VIIRS_SNPP_NRT,6.37,LOW
OKI_FE-0131,2026-09-26,-3.13899,105.28761,1,VIIRS_SNPP_NRT,5.0,LOW
OKI_FE-0132,2026-09-26,-3.84673,105.22901,1,VIIRS_NOAA20_NRT,2.37,LOW
OKI_FE-0133,2026-09-26,-3.8123,105.25233,1,VIIRS_NOAA20_NRT,3.95,LOW
OKI_FE-0134,2026-09-26,-3.4865,105.42036,1,VIIRS_NOAA20_NRT,3.59,LOW
OKI_FE-0135,2026-09-26,-3.25535,104.97465,1,VIIRS_NOAA20_NRT,5.69,LOW
OKI_FE-0136,2026-09-26,-3.248,105.10321,1,VIIRS_NOAA20_NRT,2.03,LOW
OKI_FE-0137,2026-09-26,-3.32661,105.75223,1,VIIRS_NOAA20_NRT,0.89,LOW
OKI_FE-0138,2026-09-26,-3.97067,105.70827,1,VIIRS_NOAA21_NRT,13.23,MONITORING
OKI_FE-0139,2026-09-26,-3.92663,105.60969,1,VIIRS_NOAA21_NRT,4.07,LOW
OKI_FE-0140,2026-09-26,-3.59575,105.80512,1,VIIRS_NOAA21_NRT,4.81,LOW
OKI_FE-0141,2026-09-26,-3.09243,105.25307,1,VIIRS_NOAA21_NRT,15.91,MONITORING
OKI_FE-0142,2026-09-26,-3.66049,105.7797,1,VIIRS_NOAA21_NRT,1.32,LOW
OKI_FE-0143,2026-09-26,-3.14386,105.06093,1,VIIRS_NOAA21_NRT,1.08,LOW
OKI_FE-0144,2026-09-26,-2.75199,105.28019,1,VIIRS_NOAA21_NRT,1.32,LOW
OKI_FE-0145,2026-09-27,-3.031199,105.59424,47,"MODIS_NRT, VIIRS_NOAA20_NRT, VIIRS_SNPP_NRT",60.16,HIGH
OKI_FE-0146,2026-09-27,-3.735038,105.460215,35,"MODIS_NRT, VIIRS_NOAA21_NRT, VIIRS_SNPP_NRT",316.97,HIGH
OKI_FE-0147,2026-09-27,-3.316509,105.490759,13,VIIRS_NOAA20_NRT,26.6,HIGH
OKI_FE-0148,2026-09-27,-3.766663,105.56161,11,"MODIS_NRT, VIIRS_NOAA20_NRT",65.26,HIGH
OKI_FE-0149,2026-09-27,-3.145208,105.085184,10,"MODIS_NRT, VIIRS_NOAA21_NRT, VIIRS_SNPP_NRT",42.91,HIGH
OKI_FE-0150,2026-09-27,-3.497216,105.784213,7,"VIIRS_NOAA20_NRT, VIIRS_SNPP_NRT",21.03,MONITORING
OKI_FE-0151,2026-09-27,-3.287085,105.27634,6,"MODIS_NRT, VIIRS_NOAA20_NRT, VIIRS_NOAA21_NRT",17.87,HIGH
OKI_FE-0152,2026-09-27,-3.471242,104.915578,6,"VIIRS_NOAA21_NRT, VIIRS_SNPP_NRT",18.78,MONITORING
OKI_FE-0153,2026-09-27,-3.802192,105.487192,5,VIIRS_NOAA21_NRT,8.83,MONITORING
OKI_FE-0154,2026-09-27,-3.160148,105.32141,4,VIIRS_SNPP_NRT,6.61,MONITORING
OKI_FE-0155,2026-09-27,-3.196925,104.842925,4,VIIRS_NOAA21_NRT,2.72,MONITORING
OKI_FE-0156,2026-09-27,-3.37669,105.262477,3,"MODIS_NRT, VIIRS_NOAA20_NRT",11.32,MONITORING
OKI_FE-0157,2026-09-27,-3.64888,105.802557,3,"VIIRS_NOAA20_NRT, VIIRS_SNPP_NRT",3.76,MONITORING
OKI_FE-0158,2026-09-27,-3.543997,105.810843,3,"VIIRS_NOAA20_NRT, VIIRS_SNPP_NRT",7.85,MONITORING
OKI_FE-0159,2026-09-27,-3.694383,105.738357,3,VIIRS_NOAA20_NRT,5.79,MONITORING
OKI_FE-0160,2026-09-27,-3.412993,105.175427,3,VIIRS_NOAA21_NRT,3.48,MONITORING
OKI_FE-0161,2026-09-27,-3.153605,105.39599,2,MODIS_NRT,14.62,MONITORING
OKI_FE-0162,2026-09-27,-2.95907,105.136035,2,"MODIS_NRT, VIIRS_NOAA20_NRT",8.44,MONITORING
OKI_FE-0163,2026-09-27,-3.43205,105.58407,2,VIIRS_SNPP_NRT,24.94,MONITORING
OKI_FE-0164,2026-09-27,-3.860205,105.910295,2,VIIRS_NOAA20_NRT,23.48,MONITORING
OKI_FE-0165,2026-09-27,-3.31215,105.29199,2,VIIRS_NOAA20_NRT,8.43,LOW
OKI_FE-0166,2026-09-27,-3.08078,105.606015,2,VIIRS_NOAA20_NRT,6.01,LOW
OKI_FE-0167,2026-09-27,-3.79285,105.20847,1,MODIS_NRT,10.79,MONITORING
OKI_FE-0168,2026-09-27,-3.11725,105.11102,1,MODIS_NRT,5.6,LOW
OKI_FE-0169,2026-09-27,-3.08928,105.22204,1,MODIS_NRT,4.15,LOW
OKI_FE-0170,2026-09-27,-3.85489,105.27309,1,VIIRS_SNPP_NRT,6.25,LOW
OKI_FE-0171,2026-09-27,-3.83628,105.25504,1,VIIRS_SNPP_NRT,3.17,LOW
OKI_FE-0172,2026-09-27,-3.81493,105.25576,1,VIIRS_SNPP_NRT,2.97,LOW
OKI_FE-0173,2026-09-27,-3.54368,105.64306,1,VIIRS_SNPP_NRT,4.54,LOW
OKI_FE-0174,2026-09-27,-3.83551,105.88963,1,VIIRS_NOAA20_NRT,3.7,LOW
OKI_FE-0175,2026-09-27,-3.61795,105.2989,1,VIIRS_NOAA20_NRT,17.15,MONITORING
OKI_FE-0176,2026-09-27,-3.5194,105.64686,1,VIIRS_NOAA20_NRT,4.44,LOW
OKI_FE-0177,2026-09-27,-3.51207,105.6717,1,VIIRS_NOAA20_NRT,6.74,LOW
OKI_FE-0178,2026-09-27,-3.49851,105.71426,1,VIIRS_NOAA20_NRT,5.79,LOW
OKI_FE-0179,2026-09-27,-3.39357,105.41269,1,VIIRS_NOAA20_NRT,6.65,LOW
OKI_FE-0180,2026-09-28,-3.735357,105.458943,196,"MODIS_NRT, VIIRS_NOAA20_NRT, VIIRS_NOAA21_NRT, VIIRS_SNPP_NRT",151.13,HIGH
OKI_FE-0181,2026-09-28,-3.764209,105.554358,194,"MODIS_NRT, VIIRS_NOAA20_NRT, VIIRS_NOAA21_NRT, VIIRS_SNPP_NRT",58.11,HIGH
OKI_FE-0182,2026-09-28,-3.032563,105.59258,134,"MODIS_NRT, VIIRS_NOAA20_NRT, VIIRS_NOAA21_NRT, VIIRS_SNPP_NRT",43.7,HIGH
OKI_FE-0183,2026-09-28,-3.46923,104.913722,74,"MODIS_NRT, VIIRS_NOAA20_NRT, VIIRS_NOAA21_NRT, VIIRS_SNPP_NRT",457.96,HIGH
OKI_FE-0184,2026-09-28,-3.416203,105.171729,54,"MODIS_NRT, VIIRS_NOAA20_NRT, VIIRS_NOAA21_NRT, VIIRS_SNPP_NRT",177.31,HIGH
OKI_FE-0185,2026-09-28,-3.144818,105.081722,40,"MODIS_NRT, VIIRS_NOAA20_NRT, VIIRS_NOAA21_NRT, VIIRS_SNPP_NRT",46.34,HIGH
OKI_FE-0186,2026-09-28,-3.288557,105.270144,35,"MODIS_NRT, VIIRS_NOAA20_NRT, VIIRS_NOAA21_NRT, VIIRS_SNPP_NRT",71.89,HIGH
OKI_FE-0187,2026-09-28,-3.113831,105.10658,32,"MODIS_NRT, VIIRS_NOAA20_NRT, VIIRS_NOAA21_NRT, VIIRS_SNPP_NRT",36.28,HIGH
OKI_FE-0188,2026-09-28,-3.295344,105.536863,31,"MODIS_NRT, VIIRS_NOAA21_NRT, VIIRS_SNPP_NRT",48.06,HIGH
OKI_FE-0189,2026-09-28,-3.694646,105.742789,26,"MODIS_NRT, VIIRS_NOAA20_NRT, VIIRS_NOAA21_NRT, VIIRS_SNPP_NRT",27.96,HIGH
OKI_FE-0190,2026-09-28,-3.382051,105.398757,26,"MODIS_NRT, VIIRS_NOAA20_NRT, VIIRS_NOAA21_NRT, VIIRS_SNPP_NRT",42.13,HIGH
OKI_FE-0191,2026-09-28,-3.237083,105.22706,26,"MODIS_NRT, VIIRS_NOAA20_NRT, VIIRS_NOAA21_NRT, VIIRS_SNPP_NRT",34.68,HIGH
OKI_FE-0192,2026-09-28,-3.277288,105.146456,24,"VIIRS_NOAA20_NRT, VIIRS_NOAA21_NRT, VIIRS_SNPP_NRT",11.93,HIGH
OKI_FE-0193,2026-09-28,-3.311513,105.177911,22,"MODIS_NRT, VIIRS_NOAA20_NRT, VIIRS_NOAA21_NRT, VIIRS_SNPP_NRT",63.55,HIGH
OKI_FE-0194,2026-09-28,-3.29699,105.108786,22,"MODIS_NRT, VIIRS_NOAA20_NRT, VIIRS_NOAA21_NRT, VIIRS_SNPP_NRT",10.99,HIGH
OKI_FE-0195,2026-09-28,-2.968646,105.136015,22,"MODIS_NRT, VIIRS_NOAA20_NRT, VIIRS_NOAA21_NRT, VIIRS_SNPP_NRT",125.98,HIGH
OKI_FE-0196,2026-09-28,-3.432717,105.200767,17,"MODIS_NRT, VIIRS_NOAA20_NRT, VIIRS_NOAA21_NRT, VIIRS_SNPP_NRT",37.16,HIGH
OKI_FE-0197,2026-09-28,-3.25649,105.259047,17,"MODIS_NRT, VIIRS_NOAA20_NRT, VIIRS_NOAA21_NRT, VIIRS_SNPP_NRT",27.5,HIGH
OKI_FE-0198,2026-09-28,-3.311613,105.294099,16,"MODIS_NRT, VIIRS_NOAA20_NRT, VIIRS_NOAA21_NRT, VIIRS_SNPP_NRT",16.35,HIGH
OKI_FE-0199,2026-09-28,-3.156417,105.396252,16,"MODIS_NRT, VIIRS_NOAA20_NRT, VIIRS_NOAA21_NRT, VIIRS_SNPP_NRT",22.76,HIGH
OKI_FE-0200,2026-09-28,-3.366071,105.256928,16,"VIIRS_NOAA20_NRT, VIIRS_NOAA21_NRT, VIIRS_SNPP_NRT",5.38,HIGH
OKI_FE-0201,2026-09-28,-3.801941,105.205006,12,"MODIS_NRT, VIIRS_NOAA21_NRT, VIIRS_SNPP_NRT",9.27,HIGH
OKI_FE-0202,2026-09-28,-3.688555,105.164811,12,"MODIS_NRT, VIIRS_NOAA21_NRT",43.18,HIGH
OKI_FE-0203,2026-09-28,-3.468375,105.157789,12,"MODIS_NRT, VIIRS_NOAA21_NRT, VIIRS_SNPP_NRT",47.35,HIGH
OKI_FE-0204,2026-09-28,-3.307595,105.454503,12,"MODIS_NRT, VIIRS_NOAA21_NRT, VIIRS_SNPP_NRT",28.31,HIGH
OKI_FE-0205,2026-09-28,-2.692416,105.579974,9,"MODIS_NRT, VIIRS_NOAA20_NRT, VIIRS_NOAA21_NRT, VIIRS_SNPP_NRT",87.41,HIGH
OKI_FE-0206,2026-09-28,-3.456061,105.704622,9,"VIIRS_NOAA20_NRT, VIIRS_NOAA21_NRT, VIIRS_SNPP_NRT",6.26,HIGH
OKI_FE-0207,2026-09-28,-3.685272,105.332076,8,"VIIRS_NOAA20_NRT, VIIRS_NOAA21_NRT, VIIRS_SNPP_NRT",2.82,HIGH
OKI_FE-0208,2026-09-28,-3.353829,105.350439,8,"VIIRS_NOAA20_NRT, VIIRS_NOAA21_NRT, VIIRS_SNPP_NRT",6.02,HIGH
OKI_FE-0209,2026-09-28,-3.09847,105.2169,7,"VIIRS_NOAA20_NRT, VIIRS_NOAA21_NRT, VIIRS_SNPP_NRT",10.55,HIGH
OKI_FE-0210,2026-09-28,-3.22949,104.975569,7,"VIIRS_NOAA20_NRT, VIIRS_NOAA21_NRT, VIIRS_SNPP_NRT",2.99,HIGH
OKI_FE-0211,2026-09-28,-3.80104,105.488968,6,"VIIRS_NOAA20_NRT, VIIRS_SNPP_NRT",33.46,HIGH
OKI_FE-0212,2026-09-28,-3.586835,105.613783,6,"VIIRS_NOAA21_NRT, VIIRS_SNPP_NRT",1.7,MONITORING
OKI_FE-0213,2026-09-28,-3.531083,104.86191,6,"VIIRS_NOAA20_NRT, VIIRS_NOAA21_NRT, VIIRS_SNPP_NRT",7.94,HIGH
OKI_FE-0214,2026-09-28,-3.666496,105.688186,5,"VIIRS_NOAA20_NRT, VIIRS_NOAA21_NRT, VIIRS_SNPP_NRT",2.51,HIGH
OKI_FE-0215,2026-09-28,-3.614132,105.297622,5,"VIIRS_NOAA20_NRT, VIIRS_NOAA21_NRT, VIIRS_SNPP_NRT",2.71,HIGH
OKI_FE-0216,2026-09-28,-3.266976,104.974496,5,"VIIRS_NOAA20_NRT, VIIRS_NOAA21_NRT, VIIRS_SNPP_NRT",2.53,HIGH
OKI_FE-0217,2026-09-28,-3.50258,105.781918,4,MODIS_NRT,19.85,MONITORING
OKI_FE-0218,2026-09-28,-3.197008,104.844017,4,"MODIS_NRT, VIIRS_NOAA21_NRT, VIIRS_SNPP_NRT",14.56,HIGH
OKI_FE-0219,2026-09-28,-3.493885,105.5898,4,"MODIS_NRT, VIIRS_NOAA20_NRT, VIIRS_NOAA21_NRT, VIIRS_SNPP_NRT",63.41,HIGH
OKI_FE-0220,2026-09-28,-3.5697,105.704565,4,"VIIRS_NOAA21_NRT, VIIRS_SNPP_NRT",2.79,MONITORING
OKI_FE-0221,2026-09-28,-3.511,105.227975,4,"VIIRS_NOAA20_NRT, VIIRS_NOAA21_NRT, VIIRS_SNPP_NRT",9.31,HIGH
OKI_FE-0222,2026-09-28,-3.363493,105.53567,3,"MODIS_NRT, VIIRS_NOAA20_NRT",29.16,MONITORING
OKI_FE-0223,2026-09-28,-3.891693,105.85088,3,"VIIRS_NOAA20_NRT, VIIRS_NOAA21_NRT, VIIRS_SNPP_NRT",0.77,HIGH
OKI_FE-0224,2026-09-28,-3.7454,105.296873,3,"VIIRS_NOAA20_NRT, VIIRS_NOAA21_NRT, VIIRS_SNPP_NRT",2.55,HIGH
OKI_FE-0225,2026-09-28,-3.697047,105.541017,3,"VIIRS_NOAA21_NRT, VIIRS_SNPP_NRT",3.05,MONITORING
OKI_FE-0226,2026-09-28,-3.52128,105.64574,3,VIIRS_SNPP_NRT,1.4,MONITORING
OKI_FE-0227,2026-09-28,-3.76494,105.279047,3,"VIIRS_NOAA20_NRT, VIIRS_NOAA21_NRT",9.04,MONITORING
OKI_FE-0228,2026-09-28,-3.6253,105.517425,2,"MODIS_NRT, VIIRS_NOAA21_NRT",15.01,MONITORING
OKI_FE-0229,2026-09-28,-3.63363,105.31836,2,"VIIRS_NOAA21_NRT, VIIRS_SNPP_NRT",1.03,MONITORING
OKI_FE-0230,2026-09-28,-3.49596,105.711065,2,"VIIRS_NOAA21_NRT, VIIRS_SNPP_NRT",1.3,MONITORING
OKI_FE-0231,2026-09-28,-3.4799,104.790795,2,"VIIRS_NOAA21_NRT, VIIRS_SNPP_NRT",2.58,MONITORING
OKI_FE-0232,2026-09-28,-3.85215,105.2728,2,VIIRS_NOAA20_NRT,7.89,LOW
OKI_FE-0233,2026-09-28,-3.765475,105.38233,2,VIIRS_NOAA21_NRT,11.61,MONITORING
OKI_FE-0234,2026-09-28,-3.55004,104.68435,2,VIIRS_NOAA21_NRT,3.38,LOW
OKI_FE-0235,2026-09-28,-3.525455,104.83392,2,VIIRS_NOAA21_NRT,9.94,LOW
OKI_FE-0236,2026-09-28,-3.090935,104.80408,2,VIIRS_NOAA21_NRT,5.11,LOW
OKI_FE-0237,2026-09-28,-3.48012,105.31667,1,MODIS_NRT,13.74,MONITORING
OKI_FE-0238,2026-09-28,-2.45393,105.43472,1,MODIS_NRT,21.04,MONITORING
OKI_FE-0239,2026-09-28,-3.50773,105.75868,1,MODIS_NRT,13.69,MONITORING
OKI_FE-0240,2026-09-28,-3.11044,105.3224,1,VIIRS_SNPP_NRT,0.26,LOW
OKI_FE-0241,2026-09-28,-3.10458,105.24091,1,VIIRS_SNPP_NRT,0.39,LOW
OKI_FE-0242,2026-09-28,-3.86507,105.85755,1,VIIRS_SNPP_NRT,1.8,LOW
OKI_FE-0243,2026-09-28,-3.3124,104.82835,1,VIIRS_SNPP_NRT,0.36,LOW
OKI_FE-0244,2026-09-28,-3.2595,104.85156,1,VIIRS_SNPP_NRT,0.5,LOW
OKI_FE-0245,2026-09-28,-3.83584,105.58442,1,VIIRS_NOAA20_NRT,6.24,LOW
OKI_FE-0246,2026-09-28,-3.12368,105.22476,1,VIIRS_NOAA20_NRT,7.71,LOW
OKI_FE-0247,2026-09-28,-2.97858,105.87772,1,VIIRS_NOAA20_NRT,12.81,MONITORING
OKI_FE-0248,2026-09-28,-3.74617,105.71195,1,VIIRS_NOAA21_NRT,8.29,LOW
OKI_FE-0249,2026-09-28,-3.55004,105.63001,1,VIIRS_NOAA21_NRT,4.73,LOW
OKI_FE-0250,2026-09-28,-3.25036,105.09908,1,VIIRS_NOAA21_NRT,1.45,LOW
OKI_FE-0251,2026-09-28,-3.22343,105.06423,1,VIIRS_NOAA21_NRT,3.8,LOW
OKI_FE-0252,2026-09-28,-3.67218,105.77637,1,VIIRS_NOAA21_NRT,1.04,LOW
OKI_FE-0253,2026-09-28,-3.51522,104.6926,1,VIIRS_NOAA21_NRT,1.12,LOW
OKI_FE-0254,2026-09-28,-3.02765,105.08295,1,VIIRS_NOAA21_NRT,2.15,LOW
OKI_FE-0255,2026-09-29,-3.736036,105.456949,102,"MODIS_NRT, VIIRS_NOAA20_NRT, VIIRS_NOAA21_NRT",129.08,HIGH
OKI_FE-0256,2026-09-29,-3.760736,105.553924,80,"MODIS_NRT, VIIRS_NOAA20_NRT, VIIRS_NOAA21_NRT",50.48,HIGH
OKI_FE-0257,2026-09-29,-3.436918,105.183041,71,"MODIS_NRT, VIIRS_NOAA20_NRT, VIIRS_NOAA21_NRT",45.59,HIGH
OKI_FE-0258,2026-09-29,-3.103356,105.104551,50,"MODIS_NRT, VIIRS_NOAA20_NRT, VIIRS_NOAA21_NRT",35.13,HIGH
OKI_FE-0259,2026-09-29,-3.299233,105.534079,43,"VIIRS_NOAA20_NRT, VIIRS_NOAA21_NRT",22.96,HIGH
OKI_FE-0260,2026-09-29,-3.26907,104.964636,42,"MODIS_NRT, VIIRS_NOAA20_NRT, VIIRS_NOAA21_NRT",38.31,HIGH
OKI_FE-0261,2026-09-29,-3.798426,105.485161,41,"VIIRS_NOAA20_NRT, VIIRS_NOAA21_NRT",36.68,HIGH
OKI_FE-0262,2026-09-29,-3.03318,105.598277,24,"MODIS_NRT, VIIRS_NOAA20_NRT, VIIRS_NOAA21_NRT",23.16,HIGH
OKI_FE-0263,2026-09-29,-3.470145,104.915561,21,"MODIS_NRT, VIIRS_NOAA20_NRT, VIIRS_NOAA21_NRT",66.94,HIGH
OKI_FE-0264,2026-09-29,-2.973466,105.131314,21,"VIIRS_NOAA20_NRT, VIIRS_NOAA21_NRT",19.27,HIGH
OKI_FE-0265,2026-09-29,-3.509698,105.228538,20,"VIIRS_NOAA20_NRT, VIIRS_NOAA21_NRT",16.16,HIGH
OKI_FE-0266,2026-09-29,-3.702789,105.739384,18,"MODIS_NRT, VIIRS_NOAA20_NRT, VIIRS_NOAA21_NRT",174.23,HIGH
OKI_FE-0267,2026-09-29,-3.382033,105.545287,14,"VIIRS_NOAA20_NRT, VIIRS_NOAA21_NRT",103.18,HIGH
OKI_FE-0268,2026-09-29,-3.106779,105.224841,14,"VIIRS_NOAA20_NRT, VIIRS_NOAA21_NRT",10.17,HIGH
OKI_FE-0269,2026-09-29,-3.318042,105.455617,13,"MODIS_NRT, VIIRS_NOAA20_NRT, VIIRS_NOAA21_NRT",24.57,HIGH
OKI_FE-0270,2026-09-29,-3.394695,105.407123,13,"VIIRS_NOAA20_NRT, VIIRS_NOAA21_NRT",16.94,HIGH
OKI_FE-0271,2026-09-29,-3.375417,105.266438,12,"MODIS_NRT, VIIRS_NOAA20_NRT, VIIRS_NOAA21_NRT",6.93,HIGH
OKI_FE-0272,2026-09-29,-3.254698,105.262943,12,"MODIS_NRT, VIIRS_NOAA20_NRT, VIIRS_NOAA21_NRT",46.84,HIGH
OKI_FE-0273,2026-09-29,-3.316479,105.295623,11,"MODIS_NRT, VIIRS_NOAA20_NRT, VIIRS_NOAA21_NRT",8.67,HIGH
OKI_FE-0274,2026-09-29,-3.284592,105.276372,11,"MODIS_NRT, VIIRS_NOAA20_NRT, VIIRS_NOAA21_NRT",75.06,HIGH
OKI_FE-0275,2026-09-29,-3.244656,105.097506,11,"VIIRS_NOAA20_NRT, VIIRS_NOAA21_NRT",12.81,HIGH
OKI_FE-0276,2026-09-29,-3.237345,105.223268,11,"VIIRS_NOAA20_NRT, VIIRS_NOAA21_NRT",18.57,HIGH
OKI_FE-0277,2026-09-29,-3.298445,105.248897,10,"VIIRS_NOAA20_NRT, VIIRS_NOAA21_NRT",23.49,HIGH
OKI_FE-0278,2026-09-29,-3.297483,105.106548,9,"MODIS_NRT, VIIRS_NOAA20_NRT, VIIRS_NOAA21_NRT",12.73,HIGH
OKI_FE-0279,2026-09-29,-3.886422,105.853352,9,"VIIRS_NOAA20_NRT, VIIRS_NOAA21_NRT",14.79,MONITORING
OKI_FE-0280,2026-09-29,-3.143936,105.086541,8,"MODIS_NRT, VIIRS_NOAA20_NRT, VIIRS_NOAA21_NRT",27.65,HIGH
OKI_FE-0281,2026-09-29,-3.831306,105.242575,8,"VIIRS_NOAA20_NRT, VIIRS_NOAA21_NRT",12.31,MONITORING
OKI_FE-0282,2026-09-29,-3.312393,105.180184,7,"MODIS_NRT, VIIRS_NOAA20_NRT, VIIRS_NOAA21_NRT",43.95,HIGH
OKI_FE-0283,2026-09-29,-3.275783,105.143537,7,"VIIRS_NOAA20_NRT, VIIRS_NOAA21_NRT",19.82,MONITORING
OKI_FE-0284,2026-09-29,-3.51461,105.669728,6,"VIIRS_NOAA20_NRT, VIIRS_NOAA21_NRT",14.27,MONITORING
OKI_FE-0285,2026-09-29,-3.480743,105.31582,6,"VIIRS_NOAA20_NRT, VIIRS_NOAA21_NRT",18.94,MONITORING
OKI_FE-0286,2026-09-29,-3.82221,105.561845,6,VIIRS_NOAA21_NRT,10.5,MONITORING
OKI_FE-0287,2026-09-29,-3.940888,105.130642,5,"VIIRS_NOAA20_NRT, VIIRS_NOAA21_NRT",68.87,HIGH
OKI_FE-0288,2026-09-29,-3.747346,105.712002,5,"VIIRS_NOAA20_NRT, VIIRS_NOAA21_NRT",9.53,MONITORING
OKI_FE-0289,2026-09-29,-3.667672,105.776954,5,"VIIRS_NOAA20_NRT, VIIRS_NOAA21_NRT",16.7,MONITORING
OKI_FE-0290,2026-09-29,-3.114046,105.328908,5,"VIIRS_NOAA20_NRT, VIIRS_NOAA21_NRT",12.73,MONITORING
OKI_FE-0291,2026-09-29,-3.022344,105.084286,5,"VIIRS_NOAA20_NRT, VIIRS_NOAA21_NRT",10.91,MONITORING
OKI_FE-0292,2026-09-29,-3.69882,105.405186,5,VIIRS_NOAA21_NRT,13.02,MONITORING
OKI_FE-0293,2026-09-29,-3.592915,105.611628,4,"VIIRS_NOAA20_NRT, VIIRS_NOAA21_NRT",17.87,MONITORING
OKI_FE-0294,2026-09-29,-3.22126,105.06572,4,"VIIRS_NOAA20_NRT, VIIRS_NOAA21_NRT",8.38,MONITORING
OKI_FE-0295,2026-09-29,-3.151065,105.276032,4,"VIIRS_NOAA20_NRT, VIIRS_NOAA21_NRT",10.26,MONITORING
OKI_FE-0296,2026-09-29,-3.14438,105.334835,4,"VIIRS_NOAA20_NRT, VIIRS_NOAA21_NRT",8.0,MONITORING
OKI_FE-0297,2026-09-29,-3.12304,105.26471,4,VIIRS_NOAA20_NRT,1.92,MONITORING
OKI_FE-0298,2026-09-29,-3.069558,105.115268,4,"VIIRS_NOAA20_NRT, VIIRS_NOAA21_NRT",26.6,MONITORING
OKI_FE-0299,2026-09-29,-3.756275,105.385938,4,VIIRS_NOAA21_NRT,13.0,MONITORING
OKI_FE-0300,2026-09-29,-3.83398,105.586853,3,"VIIRS_NOAA20_NRT, VIIRS_NOAA21_NRT",9.73,MONITORING
OKI_FE-0301,2026-09-29,-3.662667,105.582023,3,"VIIRS_NOAA20_NRT, VIIRS_NOAA21_NRT",10.58,MONITORING
OKI_FE-0302,2026-09-29,-3.335573,105.761147,3,"VIIRS_NOAA20_NRT, VIIRS_NOAA21_NRT",7.67,MONITORING
OKI_FE-0303,2026-09-29,-3.25136,105.644447,3,"VIIRS_NOAA20_NRT, VIIRS_NOAA21_NRT",8.49,MONITORING
OKI_FE-0304,2026-09-29,-3.690067,105.512057,3,VIIRS_NOAA21_NRT,16.86,MONITORING
OKI_FE-0305,2026-09-29,-3.45323,105.700973,3,VIIRS_NOAA21_NRT,17.04,MONITORING
OKI_FE-0306,2026-09-29,-3.640925,105.474955,2,"VIIRS_NOAA20_NRT, VIIRS_NOAA21_NRT",29.97,MONITORING
OKI_FE-0307,2026-09-29,-3.614655,105.293275,2,"VIIRS_NOAA20_NRT, VIIRS_NOAA21_NRT",7.9,MONITORING
OKI_FE-0308,2026-09-29,-3.5139,104.693865,2,"VIIRS_NOAA20_NRT, VIIRS_NOAA21_NRT",7.11,MONITORING
OKI_FE-0309,2026-09-29,-3.429045,104.85366,2,"VIIRS_NOAA20_NRT, VIIRS_NOAA21_NRT",5.65,MONITORING
OKI_FE-0310,2026-09-29,-3.25441,104.84413,2,"VIIRS_NOAA20_NRT, VIIRS_NOAA21_NRT",9.64,MONITORING
OKI_FE-0311,2026-09-29,-3.87431,105.26348,2,VIIRS_NOAA21_NRT,9.94,LOW
OKI_FE-0312,2026-09-29,-3.68933,105.33572,2,VIIRS_NOAA21_NRT,4.14,LOW
OKI_FE-0313,2026-09-29,-3.675875,105.71383,2,VIIRS_NOAA21_NRT,4.55,LOW
OKI_FE-0314,2026-09-29,-3.498265,105.78663,2,VIIRS_NOAA21_NRT,6.18,LOW
OKI_FE-0315,2026-09-29,-4.2266,104.8762,1,VIIRS_NOAA20_NRT,18.35,MONITORING
OKI_FE-0316,2026-09-29,-3.64951,105.56525,1,VIIRS_NOAA20_NRT,5.02,LOW
OKI_FE-0317,2026-09-29,-3.56212,105.66946,1,VIIRS_NOAA20_NRT,5.37,LOW
OKI_FE-0318,2026-09-29,-3.45205,105.44566,1,VIIRS_NOAA20_NRT,6.13,LOW
OKI_FE-0319,2026-09-29,-3.37712,105.43299,1,VIIRS_NOAA20_NRT,6.36,LOW
OKI_FE-0320,2026-09-29,-3.20336,105.08607,1,VIIRS_NOAA20_NRT,1.43,LOW
OKI_FE-0321,2026-09-29,-3.9508,105.6694,1,VIIRS_NOAA21_NRT,7.88,LOW
OKI_FE-0322,2026-09-29,-3.91564,105.89279,1,VIIRS_NOAA21_NRT,7.35,LOW
OKI_FE-0323,2026-09-29,-3.8745,105.89336,1,VIIRS_NOAA21_NRT,8.24,LOW
OKI_FE-0324,2026-09-29,-3.84124,104.98289,1,VIIRS_NOAA21_NRT,35.63,HIGH
OKI_FE-0325,2026-09-29,-3.81428,105.44039,1,VIIRS_NOAA21_NRT,9.32,LOW
OKI_FE-0326,2026-09-29,-3.7844,105.44824,1,VIIRS_NOAA21_NRT,6.96,LOW
OKI_FE-0327,2026-09-29,-3.77848,105.73812,1,VIIRS_NOAA21_NRT,6.32,LOW
OKI_FE-0328,2026-09-29,-3.76366,105.75422,1,VIIRS_NOAA21_NRT,5.86,LOW
OKI_FE-0329,2026-09-29,-3.6721,105.26844,1,VIIRS_NOAA21_NRT,10.01,MONITORING
OKI_FE-0330,2026-09-29,-3.64791,105.79877,1,VIIRS_NOAA21_NRT,2.91,LOW
OKI_FE-0331,2026-09-29,-3.61142,105.70481,1,VIIRS_NOAA21_NRT,4.18,LOW
OKI_FE-0332,2026-09-29,-3.59113,105.80759,1,VIIRS_NOAA21_NRT,8.53,LOW
OKI_FE-0333,2026-09-29,-3.56501,105.56696,1,VIIRS_NOAA21_NRT,8.82,LOW
OKI_FE-0334,2026-09-29,-3.49291,105.71667,1,VIIRS_NOAA21_NRT,4.1,LOW
OKI_FE-0335,2026-09-29,-3.38696,105.31445,1,VIIRS_NOAA21_NRT,3.2,LOW
OKI_FE-0336,2026-09-29,-3.35362,105.34943,1,VIIRS_NOAA21_NRT,5.86,LOW
OKI_FE-0337,2026-09-29,-3.34297,104.84559,1,VIIRS_NOAA21_NRT,4.85,LOW
OKI_FE-0338,2026-09-29,-3.29285,104.89197,1,VIIRS_NOAA21_NRT,5.06,LOW
OKI_FE-0339,2026-09-29,-3.28985,105.67954,1,VIIRS_NOAA21_NRT,4.62,LOW
OKI_FE-0340,2026-09-29,-3.23547,105.33365,1,VIIRS_NOAA21_NRT,11.5,MONITORING
OKI_FE-0341,2026-09-29,-3.22857,104.97758,1,VIIRS_NOAA21_NRT,9.87,LOW
OKI_FE-0342,2026-09-29,-3.21518,105.33547,1,VIIRS_NOAA21_NRT,4.89,LOW
OKI_FE-0343,2026-09-29,-3.16917,105.34581,1,VIIRS_NOAA21_NRT,7.51,LOW
OKI_FE-0344,2026-09-29,-2.99782,105.0863,1,VIIRS_NOAA21_NRT,8.37,LOW
OKI_FE-0345,2026-09-29,-2.97825,105.88512,1,VIIRS_NOAA21_NRT,9.36,LOW
