FIRE_EVENT_ID,EVENT_DATE,LATITUDE,LONGITUDE,RAINFALL_1D_MM,RAINFALL_7D_MM,RAINFALL_30D_MM,RAINFALL_STATUS
OKI_FE-0001,2026-09-23,-3.77312,105.561002,1.9,16.06,24.61,SUCCESS
OKI_FE-0002,2026-09-23,-3.05813,105.601409,2.4,12.57,19.22,SUCCESS
OKI_FE-0003,2026-09-23,-3.786552,105.206043,6.48,31.94,43.81,SUCCESS
OKI_FE-0004,2026-09-23,-3.290614,105.263564,3.26,18.44,28.46,SUCCESS
OKI_FE-0005,2026-09-23,-3.439361,105.185314,3.26,18.44,28.46,SUCCESS
OKI_FE-0006,2026-09-23,-3.305843,105.180654,3.26,18.44,28.46,SUCCESS
OKI_FE-0007,2026-09-23,-3.5169,105.237733,3.26,18.44,28.46,SUCCESS
OKI_FE-0008,2026-09-23,-3.21623,105.334018,2.4,12.57,19.22,SUCCESS
OKI_FE-0009,2026-09-23,-3.157379,105.38254,2.4,12.57,19.22,SUCCESS
OKI_FE-0010,2026-09-23,-3.600722,105.226032,3.26,18.44,28.46,SUCCESS
OKI_FE-0011,2026-09-23,-3.775709,105.453946,1.9,16.06,24.61,SUCCESS
OKI_FE-0012,2026-09-23,-3.08599,104.80489,2.12,14.43,23.77,SUCCESS
OKI_FE-0013,2026-09-23,-3.563906,105.634928,2.28,12.98,20.67,SUCCESS
OKI_FE-0014,2026-09-23,-3.73125,105.51528,2.28,12.98,20.67,SUCCESS
OKI_FE-0015,2026-09-23,-3.246054,104.982822,2.12,14.43,23.77,SUCCESS
OKI_FE-0016,2026-09-23,-3.081265,105.293815,2.12,14.43,23.77,SUCCESS
OKI_FE-0017,2026-09-23,-3.37578,105.385523,2.28,12.98,20.67,SUCCESS
OKI_FE-0018,2026-09-23,-3.820883,105.457013,1.9,16.06,24.61,SUCCESS
OKI_FE-0019,2026-09-23,-3.756685,105.37554,1.9,16.06,24.61,SUCCESS
OKI_FE-0020,2026-09-23,-3.729,105.486935,2.28,12.98,20.67,SUCCESS
OKI_FE-0021,2026-09-23,-3.5316,105.639335,2.28,12.98,20.67,SUCCESS
OKI_FE-0022,2026-09-23,-3.269565,105.35085,2.28,12.98,20.67,SUCCESS
OKI_FE-0023,2026-09-23,-3.86009,105.21985,6.48,31.94,43.81,SUCCESS
OKI_FE-0024,2026-09-23,-3.470385,105.578505,2.28,12.98,20.67,SUCCESS
OKI_FE-0025,2026-09-23,-3.83944,105.23509,6.48,31.94,43.81,SUCCESS
OKI_FE-0026,2026-09-23,-3.14454,105.10722,2.12,14.43,23.77,SUCCESS
OKI_FE-0027,2026-09-23,-3.88344,105.22084,6.48,31.94,43.81,SUCCESS
OKI_FE-0028,2026-09-23,-3.55337,105.14546,3.26,18.44,28.46,SUCCESS
OKI_FE-0029,2026-09-23,-3.51731,104.77155,3.26,18.44,28.46,SUCCESS
OKI_FE-0030,2026-09-23,-3.84423,105.54118,1.9,16.06,24.61,SUCCESS
OKI_FE-0031,2026-09-23,-3.84332,105.26601,6.48,31.94,43.81,SUCCESS
OKI_FE-0032,2026-09-23,-3.82609,105.58096,1.9,16.06,24.61,SUCCESS
OKI_FE-0033,2026-09-23,-3.80878,105.47541,1.9,16.06,24.61,SUCCESS
OKI_FE-0034,2026-09-23,-3.66439,105.8084,2.28,12.98,20.67,SUCCESS
OKI_FE-0035,2026-09-23,-3.5673,105.70481,2.28,12.98,20.67,SUCCESS
OKI_FE-0036,2026-09-23,-3.43452,105.41492,2.28,12.98,20.67,SUCCESS
OKI_FE-0037,2026-09-23,-3.38016,105.27699,3.26,18.44,28.46,SUCCESS
OKI_FE-0038,2026-09-23,-2.49252,105.31303,3.13,16.15,23.05,SUCCESS
OKI_FE-0039,2026-09-23,-3.89504,105.58001,1.9,16.06,24.61,SUCCESS
OKI_FE-0040,2026-09-23,-3.75583,105.46699,1.9,16.06,24.61,SUCCESS
OKI_FE-0041,2026-09-23,-3.1562,105.31804,2.4,12.57,19.22,SUCCESS
OKI_FE-0042,2026-09-23,-3.29515,105.1065,3.26,18.44,28.46,SUCCESS
OKI_FE-0043,2026-09-23,-3.27698,105.14314,3.26,18.44,28.46,SUCCESS
OKI_FE-0044,2026-09-23,-3.22792,104.97485,2.12,14.43,23.77,SUCCESS
OKI_FE-0045,2026-09-24,-3.770613,105.56196,2.72,18.64,27.33,SUCCESS
OKI_FE-0046,2026-09-24,-3.052372,105.600663,1.91,14.23,21.12,SUCCESS
OKI_FE-0047,2026-09-24,-3.433618,105.18424,3.2,21.46,31.66,SUCCESS
OKI_FE-0048,2026-09-24,-3.558604,105.655318,2.16,14.83,22.83,SUCCESS
OKI_FE-0049,2026-09-24,-3.785116,105.20538,6.31,38.19,50.12,SUCCESS
OKI_FE-0050,2026-09-24,-3.682126,105.734634,2.16,14.83,22.83,SUCCESS
OKI_FE-0051,2026-09-24,-3.306647,105.178995,3.2,21.46,31.66,SUCCESS
OKI_FE-0052,2026-09-24,-3.15509,105.383669,1.91,14.23,21.12,SUCCESS
OKI_FE-0053,2026-09-24,-3.082283,105.290599,2.38,16.66,26.15,SUCCESS
OKI_FE-0054,2026-09-24,-3.272657,105.151813,3.2,21.46,31.66,SUCCESS
OKI_FE-0055,2026-09-24,-3.290007,105.265602,3.2,21.46,31.66,SUCCESS
OKI_FE-0056,2026-09-24,-3.228454,105.336644,1.91,14.23,21.12,SUCCESS
OKI_FE-0057,2026-09-24,-3.813254,105.467794,2.72,18.64,27.33,SUCCESS
OKI_FE-0058,2026-09-24,-3.468598,105.57708,2.16,14.83,22.83,SUCCESS
OKI_FE-0059,2026-09-24,-3.727633,105.502977,2.16,14.83,22.83,SUCCESS
OKI_FE-0060,2026-09-24,-3.357031,105.534901,2.16,14.83,22.83,SUCCESS
OKI_FE-0061,2026-09-24,-2.975123,105.888771,1.91,14.23,21.12,SUCCESS
OKI_FE-0062,2026-09-24,-3.883072,105.904022,2.72,18.64,27.33,SUCCESS
OKI_FE-0063,2026-09-24,-3.508675,105.674285,2.16,14.83,22.83,SUCCESS
OKI_FE-0064,2026-09-24,-3.488417,105.218203,3.2,21.46,31.66,SUCCESS
OKI_FE-0065,2026-09-24,-3.520568,105.643454,2.16,14.83,22.83,SUCCESS
OKI_FE-0066,2026-09-24,-3.76697,105.836683,2.72,18.64,27.33,SUCCESS
OKI_FE-0067,2026-09-24,-3.870197,105.868172,2.72,18.64,27.33,SUCCESS
OKI_FE-0068,2026-09-24,-3.804082,105.27545,6.31,38.19,50.12,SUCCESS
OKI_FE-0069,2026-09-24,-3.57135,105.809382,2.16,14.83,22.83,SUCCESS
OKI_FE-0070,2026-09-24,-3.759118,105.38696,2.72,18.64,27.33,SUCCESS
OKI_FE-0071,2026-09-24,-3.47517,105.162727,3.2,21.46,31.66,SUCCESS
OKI_FE-0072,2026-09-24,-4.12047,105.72284,2.72,18.64,27.33,SUCCESS
OKI_FE-0073,2026-09-24,-3.570587,105.6026,2.16,14.83,22.83,SUCCESS
OKI_FE-0074,2026-09-24,-3.929187,105.852703,2.72,18.64,27.33,SUCCESS
OKI_FE-0075,2026-09-24,-3.747667,105.45904,2.16,14.83,22.83,SUCCESS
OKI_FE-0076,2026-09-24,-3.68008,105.704327,2.16,14.83,22.83,SUCCESS
OKI_FE-0077,2026-09-24,-3.98844,105.683075,2.72,18.64,27.33,SUCCESS
OKI_FE-0078,2026-09-24,-3.76923,105.447235,2.72,18.64,27.33,SUCCESS
OKI_FE-0079,2026-09-24,-3.504795,105.607205,2.16,14.83,22.83,SUCCESS
OKI_FE-0080,2026-09-24,-3.374715,105.39404,2.16,14.83,22.83,SUCCESS
OKI_FE-0081,2026-09-24,-3.22394,105.21893,2.38,16.66,26.15,SUCCESS
OKI_FE-0082,2026-09-24,-3.5677,105.70559,2.16,14.83,22.83,SUCCESS
OKI_FE-0083,2026-09-24,-3.49718,105.790465,2.16,14.83,22.83,SUCCESS
OKI_FE-0084,2026-09-24,-3.110475,105.318295,1.91,14.23,21.12,SUCCESS
OKI_FE-0085,2026-09-24,-2.483605,105.44976,1.53,17.62,24.56,SUCCESS
OKI_FE-0086,2026-09-24,-3.111715,105.143275,2.38,16.66,26.15,SUCCESS
OKI_FE-0087,2026-09-24,-3.886215,105.84406,2.72,18.64,27.33,SUCCESS
OKI_FE-0088,2026-09-24,-3.34844,105.271875,3.2,21.46,31.66,SUCCESS
OKI_FE-0089,2026-09-24,-3.137735,105.32344,1.91,14.23,21.12,SUCCESS
OKI_FE-0090,2026-09-24,-3.73354,105.52311,2.16,14.83,22.83,SUCCESS
OKI_FE-0091,2026-09-24,-4.24498,104.79112,6.31,38.19,50.12,SUCCESS
OKI_FE-0092,2026-09-24,-4.15929,104.81272,6.31,38.19,50.12,SUCCESS
OKI_FE-0093,2026-09-24,-3.81717,105.5564,2.72,18.64,27.33,SUCCESS
OKI_FE-0094,2026-09-24,-3.49621,105.63033,2.16,14.83,22.83,SUCCESS
OKI_FE-0095,2026-09-24,-3.5123,105.50476,2.16,14.83,22.83,SUCCESS
OKI_FE-0096,2026-09-24,-3.45066,105.54733,2.16,14.83,22.83,SUCCESS
OKI_FE-0097,2026-09-24,-3.83289,105.2349,6.31,38.19,50.12,SUCCESS
OKI_FE-0098,2026-09-24,-3.69682,105.5491,2.16,14.83,22.83,SUCCESS
OKI_FE-0099,2026-09-24,-3.64916,105.22439,3.2,21.46,31.66,SUCCESS
OKI_FE-0100,2026-09-24,-3.35406,104.8637,3.2,21.46,31.66,SUCCESS
OKI_FE-0101,2026-09-24,-3.09418,105.21728,2.38,16.66,26.15,SUCCESS
OKI_FE-0102,2026-09-24,-3.80936,105.44138,2.72,18.64,27.33,SUCCESS
OKI_FE-0103,2026-09-24,-3.71744,105.40318,2.16,14.83,22.83,SUCCESS
OKI_FE-0104,2026-09-24,-3.71143,105.34863,2.16,14.83,22.83,SUCCESS
OKI_FE-0105,2026-09-24,-3.70815,105.67454,2.16,14.83,22.83,SUCCESS
OKI_FE-0106,2026-09-24,-3.34706,105.78059,2.16,14.83,22.83,SUCCESS
OKI_FE-0107,2026-09-24,-3.30336,105.57657,2.16,14.83,22.83,SUCCESS
OKI_FE-0108,2026-09-24,-3.19856,105.40904,1.91,14.23,21.12,SUCCESS
OKI_FE-0109,2026-09-24,-3.15833,105.31524,1.91,14.23,21.12,SUCCESS
OKI_FE-0110,2026-09-24,-3.14168,105.21452,2.38,16.66,26.15,SUCCESS
OKI_FE-0111,2026-09-24,-3.12732,105.23699,2.38,16.66,26.15,SUCCESS
OKI_FE-0112,2026-09-24,-3.10204,105.28264,2.38,16.66,26.15,SUCCESS
OKI_FE-0113,2026-09-25,-3.038183,105.593998,0.0,13.26,21.11,SUCCESS
OKI_FE-0114,2026-09-25,-3.766523,105.55712,0.0,16.89,27.33,SUCCESS
OKI_FE-0115,2026-09-25,-3.742247,105.456839,0.0,13.41,22.83,SUCCESS
OKI_FE-0116,2026-09-25,-3.432141,105.188442,0.0,20.08,31.65,SUCCESS
OKI_FE-0117,2026-09-25,-3.154336,105.388499,0.0,13.26,21.11,SUCCESS
OKI_FE-0118,2026-09-25,-3.383827,105.329878,0.0,13.41,22.83,SUCCESS
OKI_FE-0119,2026-09-25,-3.224016,105.331354,0.0,13.26,21.11,SUCCESS
OKI_FE-0120,2026-09-25,-3.307905,105.177919,0.0,20.08,31.65,SUCCESS
OKI_FE-0121,2026-09-25,-3.090671,105.297427,0.0,15.57,26.15,SUCCESS
OKI_FE-0122,2026-09-25,-3.695348,105.64235,0.0,13.41,22.83,SUCCESS
OKI_FE-0123,2026-09-25,-3.687884,105.7307,0.0,13.41,22.83,SUCCESS
OKI_FE-0124,2026-09-25,-3.568607,105.705778,0.0,13.41,22.83,SUCCESS
OKI_FE-0125,2026-09-25,-3.351804,105.28197,0.0,20.08,31.65,SUCCESS
OKI_FE-0126,2026-09-25,-3.518524,105.643586,0.0,13.41,22.83,SUCCESS
OKI_FE-0127,2026-09-25,-3.779908,105.203854,0.0,36.19,50.1,SUCCESS
OKI_FE-0128,2026-09-25,-3.857633,105.913638,0.0,16.89,27.33,SUCCESS
OKI_FE-0129,2026-09-25,-3.75843,105.392422,0.0,16.89,27.33,SUCCESS
OKI_FE-0130,2026-09-25,-3.543542,105.813082,0.0,13.41,22.83,SUCCESS
OKI_FE-0131,2026-09-25,-3.37729,105.265178,0.0,20.08,31.65,SUCCESS
OKI_FE-0132,2026-09-25,-3.86284,105.85991,0.0,16.89,27.33,SUCCESS
OKI_FE-0133,2026-09-25,-3.720058,105.39377,0.0,13.41,22.83,SUCCESS
OKI_FE-0134,2026-09-25,-3.49816,105.78078,0.0,13.41,22.83,SUCCESS
OKI_FE-0135,2026-09-25,-3.681047,105.33988,0.0,13.41,22.83,SUCCESS
OKI_FE-0136,2026-09-25,-3.545717,105.790607,0.0,13.41,22.83,SUCCESS
OKI_FE-0137,2026-09-25,-3.254753,104.972333,0.0,20.08,31.65,SUCCESS
OKI_FE-0138,2026-09-25,-3.744753,105.295567,0.0,20.08,31.65,SUCCESS
OKI_FE-0139,2026-09-25,-3.463743,105.57583,0.0,13.41,22.83,SUCCESS
OKI_FE-0140,2026-09-25,-3.353673,105.250607,0.0,20.08,31.65,SUCCESS
OKI_FE-0141,2026-09-25,-3.37644,105.39275,0.0,13.41,22.83,SUCCESS
OKI_FE-0142,2026-09-25,-3.36468,105.53331,0.0,13.41,22.83,SUCCESS
OKI_FE-0143,2026-09-25,-3.339735,105.52071,0.0,13.41,22.83,SUCCESS
OKI_FE-0144,2026-09-25,-3.906895,105.578115,0.0,16.89,27.33,SUCCESS
OKI_FE-0145,2026-09-25,-3.691725,105.573165,0.0,13.41,22.83,SUCCESS
OKI_FE-0146,2026-09-25,-3.13451,105.31448,0.0,13.26,21.11,SUCCESS
OKI_FE-0147,2026-09-25,-3.805265,105.539555,0.0,16.89,27.33,SUCCESS
OKI_FE-0148,2026-09-25,-3.627985,105.52339,0.0,13.41,22.83,SUCCESS
OKI_FE-0149,2026-09-25,-3.473385,105.61055,0.0,13.41,22.83,SUCCESS
OKI_FE-0150,2026-09-25,-3.80928,105.21345,0.0,36.19,50.1,SUCCESS
OKI_FE-0151,2026-09-25,-3.700725,105.678775,0.0,13.41,22.83,SUCCESS
OKI_FE-0152,2026-09-25,-3.69801,105.54742,0.0,13.41,22.83,SUCCESS
OKI_FE-0153,2026-09-25,-3.57697,105.60365,0.0,13.41,22.83,SUCCESS
OKI_FE-0154,2026-09-25,-3.38953,104.83416,0.0,20.08,31.65,SUCCESS
OKI_FE-0155,2026-09-25,-2.537485,105.413485,0.0,16.88,24.53,SUCCESS
OKI_FE-0156,2026-09-25,-4.19217,104.93308,0.0,36.19,50.1,SUCCESS
OKI_FE-0157,2026-09-25,-3.82051,105.45863,0.0,16.89,27.33,SUCCESS
OKI_FE-0158,2026-09-25,-3.80792,105.48346,0.0,16.89,27.33,SUCCESS
OKI_FE-0159,2026-09-25,-3.76902,105.47996,0.0,16.89,27.33,SUCCESS
OKI_FE-0160,2026-09-25,-3.59361,105.80463,0.0,13.41,22.83,SUCCESS
OKI_FE-0161,2026-09-25,-3.2899,105.53885,0.0,13.41,22.83,SUCCESS
OKI_FE-0162,2026-09-25,-3.86044,105.27461,0.0,36.19,50.1,SUCCESS
OKI_FE-0163,2026-09-25,-3.77101,105.44019,0.0,16.89,27.33,SUCCESS
OKI_FE-0164,2026-09-25,-3.68119,105.70314,0.0,13.41,22.83,SUCCESS
OKI_FE-0165,2026-09-25,-3.99586,105.62981,0.0,16.89,27.33,SUCCESS
OKI_FE-0166,2026-09-25,-4.19475,104.78654,0.0,36.19,50.1,SUCCESS
OKI_FE-0167,2026-09-25,-3.85314,105.22676,0.0,36.19,50.1,SUCCESS
OKI_FE-0168,2026-09-25,-3.81538,105.55671,0.0,16.89,27.33,SUCCESS
OKI_FE-0169,2026-09-25,-3.73161,105.41499,0.0,13.41,22.83,SUCCESS
OKI_FE-0170,2026-09-25,-3.66084,105.78088,0.0,13.41,22.83,SUCCESS
OKI_FE-0171,2026-09-25,-3.55575,105.60505,0.0,13.41,22.83,SUCCESS
OKI_FE-0172,2026-09-25,-3.51256,105.22562,0.0,20.08,31.65,SUCCESS
OKI_FE-0173,2026-09-25,-3.47311,105.162,0.0,20.08,31.65,SUCCESS
OKI_FE-0174,2026-09-25,-3.46754,105.66617,0.0,13.41,22.83,SUCCESS
OKI_FE-0175,2026-09-25,-3.29163,105.27094,0.0,20.08,31.65,SUCCESS
OKI_FE-0176,2026-09-25,-3.25946,105.13974,0.0,20.08,31.65,SUCCESS
OKI_FE-0177,2026-09-25,-3.84388,105.54439,0.0,16.89,27.33,SUCCESS
OKI_FE-0178,2026-09-26,-3.766391,105.556475,0.0,15.36,27.33,SUCCESS
OKI_FE-0179,2026-09-26,-3.034814,105.593661,0.0,11.35,21.09,SUCCESS
OKI_FE-0180,2026-09-26,-3.738977,105.458892,0.0,11.97,22.83,SUCCESS
OKI_FE-0181,2026-09-26,-3.154944,105.392575,0.0,11.35,21.09,SUCCESS
OKI_FE-0182,2026-09-26,-3.431777,105.192345,0.0,17.8,31.64,SUCCESS
OKI_FE-0183,2026-09-26,-3.36456,105.25686,0.0,17.8,31.64,SUCCESS
OKI_FE-0184,2026-09-26,-3.109798,105.226381,0.0,13.53,26.15,SUCCESS
OKI_FE-0185,2026-09-26,-3.529299,105.649013,0.0,11.97,22.83,SUCCESS
OKI_FE-0186,2026-09-26,-3.804927,105.479965,0.0,15.36,27.33,SUCCESS
OKI_FE-0187,2026-09-26,-3.297077,105.277494,0.0,17.8,31.64,SUCCESS
OKI_FE-0188,2026-09-26,-3.26752,105.150779,0.0,17.8,31.64,SUCCESS
OKI_FE-0189,2026-09-26,-3.338726,105.520609,0.0,11.97,22.83,SUCCESS
OKI_FE-0190,2026-09-26,-3.495073,105.783652,0.0,11.97,22.83,SUCCESS
OKI_FE-0191,2026-09-26,-3.308241,105.178749,0.0,17.8,31.64,SUCCESS
OKI_FE-0192,2026-09-26,-2.959864,105.132173,0.0,13.53,26.15,SUCCESS
OKI_FE-0193,2026-09-26,-3.29554,105.108884,0.0,17.8,31.64,SUCCESS
OKI_FE-0194,2026-09-26,-3.229464,105.335423,0.0,11.35,21.09,SUCCESS
OKI_FE-0195,2026-09-26,-3.79277,105.202823,0.0,31.52,50.07,SUCCESS
OKI_FE-0196,2026-09-26,-3.689911,105.734352,0.0,11.97,22.83,SUCCESS
OKI_FE-0197,2026-09-26,-3.378601,105.336261,0.0,11.97,22.83,SUCCESS
OKI_FE-0198,2026-09-26,-3.443557,105.540328,0.0,11.97,22.83,SUCCESS
OKI_FE-0199,2026-09-26,-3.736021,105.394214,0.0,11.97,22.83,SUCCESS
OKI_FE-0200,2026-09-26,-3.581491,105.612196,0.0,11.97,22.83,SUCCESS
OKI_FE-0201,2026-09-26,-3.085368,105.289244,0.0,13.53,26.15,SUCCESS
OKI_FE-0202,2026-09-26,-3.661345,105.689291,0.0,11.97,22.83,SUCCESS
OKI_FE-0203,2026-09-26,-3.351843,105.281505,0.0,17.8,31.64,SUCCESS
OKI_FE-0204,2026-09-26,-3.286784,105.535453,0.0,11.97,22.83,SUCCESS
OKI_FE-0205,2026-09-26,-3.145625,105.328467,0.0,11.35,21.09,SUCCESS
OKI_FE-0206,2026-09-26,-3.229149,104.980133,0.0,13.53,26.15,SUCCESS
OKI_FE-0207,2026-09-26,-3.114298,105.321896,0.0,11.35,21.09,SUCCESS
OKI_FE-0208,2026-09-26,-3.470956,105.202731,0.0,17.8,31.64,SUCCESS
OKI_FE-0209,2026-09-26,-3.367575,105.394674,0.0,11.97,22.83,SUCCESS
OKI_FE-0210,2026-09-26,-3.610564,105.29619,0.0,17.8,31.64,SUCCESS
OKI_FE-0211,2026-09-26,-3.255748,105.251006,0.0,17.8,31.64,SUCCESS
OKI_FE-0212,2026-09-26,-3.886898,105.846702,0.0,15.36,27.33,SUCCESS
OKI_FE-0213,2026-09-26,-3.461197,105.576886,0.0,11.97,22.83,SUCCESS
OKI_FE-0214,2026-09-26,-3.107666,105.102356,0.0,13.53,26.15,SUCCESS
OKI_FE-0215,2026-09-26,-3.244879,105.214741,0.0,13.53,26.15,SUCCESS
OKI_FE-0216,2026-09-26,-3.782706,105.730924,0.0,15.36,27.33,SUCCESS
OKI_FE-0217,2026-09-26,-3.514066,105.229713,0.0,17.8,31.64,SUCCESS
OKI_FE-0218,2026-09-26,-3.390444,105.412389,0.0,11.97,22.83,SUCCESS
OKI_FE-0219,2026-09-26,-3.767218,105.436135,0.0,15.36,27.33,SUCCESS
OKI_FE-0220,2026-09-26,-3.62494,105.71445,0.0,11.97,22.83,SUCCESS
OKI_FE-0221,2026-09-26,-3.85909,105.911014,0.0,15.36,27.33,SUCCESS
OKI_FE-0222,2026-09-26,-3.508116,105.677152,0.0,11.97,22.83,SUCCESS
OKI_FE-0223,2026-09-26,-3.450712,105.428928,0.0,11.97,22.83,SUCCESS
OKI_FE-0224,2026-09-26,-3.516538,104.690888,0.0,17.8,31.64,SUCCESS
OKI_FE-0225,2026-09-26,-3.471113,105.161148,0.0,17.8,31.64,SUCCESS
OKI_FE-0226,2026-09-26,-3.815058,105.55018,0.0,15.36,27.33,SUCCESS
OKI_FE-0227,2026-09-26,-3.177747,104.907548,0.0,13.53,26.15,SUCCESS
OKI_FE-0228,2026-09-26,-3.746043,105.295807,0.0,17.8,31.64,SUCCESS
OKI_FE-0229,2026-09-26,-3.684813,105.334343,0.0,11.97,22.83,SUCCESS
OKI_FE-0230,2026-09-26,-3.56872,105.704493,0.0,11.97,22.83,SUCCESS
OKI_FE-0231,2026-09-26,-3.64306,104.642895,0.0,25.62,42.57,SUCCESS
OKI_FE-0232,2026-09-26,-3.311785,105.485795,0.0,11.97,22.83,SUCCESS
OKI_FE-0233,2026-09-26,-3.15018,105.182335,0.0,13.53,26.15,SUCCESS
OKI_FE-0234,2026-09-26,-2.538965,105.41916,0.0,13.76,24.49,SUCCESS
OKI_FE-0235,2026-09-26,-3.572745,105.65979,0.0,11.97,22.83,SUCCESS
OKI_FE-0236,2026-09-26,-3.469625,105.66619,0.0,11.97,22.83,SUCCESS
OKI_FE-0237,2026-09-26,-3.08017,105.60714,0.0,11.35,21.09,SUCCESS
OKI_FE-0238,2026-09-26,-3.105655,105.15168,0.0,13.53,26.15,SUCCESS
OKI_FE-0239,2026-09-26,-3.925625,105.84471,0.0,15.36,27.33,SUCCESS
OKI_FE-0240,2026-09-26,-3.75386,105.12054,0.0,31.52,50.07,SUCCESS
OKI_FE-0241,2026-09-26,-3.83165,105.88829,0.0,15.36,27.33,SUCCESS
OKI_FE-0242,2026-09-26,-3.69721,105.55236,0.0,11.97,22.83,SUCCESS
OKI_FE-0243,2026-09-26,-3.13899,105.28761,0.0,13.53,26.15,SUCCESS
OKI_FE-0244,2026-09-26,-3.84673,105.22901,0.0,31.52,50.07,SUCCESS
OKI_FE-0245,2026-09-26,-3.8123,105.25233,0.0,31.52,50.07,SUCCESS
OKI_FE-0246,2026-09-26,-3.4865,105.42036,0.0,11.97,22.83,SUCCESS
OKI_FE-0247,2026-09-26,-3.25535,104.97465,0.0,17.8,31.64,SUCCESS
OKI_FE-0248,2026-09-26,-3.248,105.10321,0.0,13.53,26.15,SUCCESS
OKI_FE-0249,2026-09-26,-3.32661,105.75223,0.0,11.97,22.83,SUCCESS
OKI_FE-0250,2026-09-26,-3.97067,105.70827,0.0,15.36,27.33,SUCCESS
OKI_FE-0251,2026-09-26,-3.92663,105.60969,0.0,15.36,27.33,SUCCESS
OKI_FE-0252,2026-09-26,-3.59575,105.80512,0.0,11.97,22.83,SUCCESS
OKI_FE-0253,2026-09-26,-3.09243,105.25307,0.0,13.53,26.15,SUCCESS
OKI_FE-0254,2026-09-26,-3.66049,105.7797,0.0,11.97,22.83,SUCCESS
OKI_FE-0255,2026-09-26,-3.14386,105.06093,0.0,13.53,26.15,SUCCESS
OKI_FE-0256,2026-09-26,-2.75199,105.28019,0.0,13.53,26.15,SUCCESS
OKI_FE-0257,2026-09-27,-3.031323,105.595594,0.0,10.46,21.0,SUCCESS
OKI_FE-0258,2026-09-27,-3.738901,105.461564,0.0,10.57,22.83,SUCCESS
OKI_FE-0259,2026-09-27,-3.316509,105.490759,0.0,10.57,22.83,SUCCESS
OKI_FE-0260,2026-09-27,-3.497216,105.784213,0.0,10.57,22.83,SUCCESS
OKI_FE-0261,2026-09-27,-3.802192,105.487192,0.0,12.61,27.33,SUCCESS
OKI_FE-0262,2026-09-27,-3.160148,105.32141,0.0,10.46,21.0,SUCCESS
OKI_FE-0263,2026-09-27,-3.37669,105.262477,0.0,15.03,31.64,SUCCESS
OKI_FE-0264,2026-09-27,-3.64888,105.802557,0.0,10.57,22.83,SUCCESS
OKI_FE-0265,2026-09-27,-3.543997,105.810843,0.0,10.57,22.83,SUCCESS
OKI_FE-0266,2026-09-27,-3.694383,105.738357,0.0,10.57,22.83,SUCCESS
OKI_FE-0267,2026-09-27,-3.290995,105.278825,0.0,15.03,31.64,SUCCESS
OKI_FE-0268,2026-09-27,-3.153605,105.39599,0.0,10.46,21.0,SUCCESS
OKI_FE-0269,2026-09-27,-2.95907,105.136035,0.0,12.28,26.15,SUCCESS
OKI_FE-0270,2026-09-27,-3.43205,105.58407,0.0,10.57,22.83,SUCCESS
OKI_FE-0271,2026-09-27,-3.860205,105.910295,0.0,12.61,27.33,SUCCESS
OKI_FE-0272,2026-09-27,-3.31215,105.29199,0.0,15.03,31.64,SUCCESS
OKI_FE-0273,2026-09-27,-3.08078,105.606015,0.0,10.46,21.0,SUCCESS
OKI_FE-0274,2026-09-27,-3.79285,105.20847,0.0,26.11,50.07,SUCCESS
OKI_FE-0275,2026-09-27,-3.85489,105.27309,0.0,26.11,50.07,SUCCESS
OKI_FE-0276,2026-09-27,-3.83628,105.25504,0.0,26.11,50.07,SUCCESS
OKI_FE-0277,2026-09-27,-3.81493,105.25576,0.0,26.11,50.07,SUCCESS
OKI_FE-0278,2026-09-27,-3.54368,105.64306,0.0,10.57,22.83,SUCCESS
OKI_FE-0279,2026-09-27,-3.83551,105.88963,0.0,12.61,27.33,SUCCESS
OKI_FE-0280,2026-09-27,-3.77025,105.564,0.0,12.61,27.33,SUCCESS
OKI_FE-0281,2026-09-27,-3.61795,105.2989,0.0,15.03,31.64,SUCCESS
OKI_FE-0282,2026-09-27,-3.5194,105.64686,0.0,10.57,22.83,SUCCESS
OKI_FE-0283,2026-09-27,-3.51207,105.6717,0.0,10.57,22.83,SUCCESS
OKI_FE-0284,2026-09-27,-3.49851,105.71426,0.0,10.57,22.83,SUCCESS
OKI_FE-0285,2026-09-27,-3.39357,105.41269,0.0,10.57,22.83,SUCCESS
